tconst,ordering,nconst,category,job,characters
tt0000001,1,nm1588970,self,,"[""Self""]"
tt0000001,2,nm0005690,director,,
tt0000001,3,nm0005690,producer,producer,
tt0000001,4,nm0374658,cinematographer,director of photography,
tt0000002,1,nm0721526,director,,
tt0000002,2,nm1335271,composer,,
tt0000003,1,nm0721526,director,,
tt0000003,2,nm0721526,writer,,
tt0000003,3,nm1770680,producer,producer,
tt0000003,4,nm0721526,producer,producer,
tt0000003,5,nm1335271,composer,,
tt0000003,6,nm5442200,editor,editor,
tt0000004,1,nm0721526,director,,
tt0000004,2,nm1335271,composer,,
tt0000005,1,nm0443482,actor,,"[""Blacksmith""]"
tt0000005,2,nm0653042,actor,,"[""Assistant""]"
tt0000005,3,nm0249379,producer,producer,
tt0000007,1,nm0179163,actor,,
tt0000007,2,nm0183947,actor,,
tt0000007,3,nm0005690,director,,
tt0000007,4,nm0374658,director,,
tt0000007,5,nm0005690,producer,producer,
tt0000007,6,nm0249379,producer,producer,
tt0000007,7,nm0374658,cinematographer,,
tt0000008,1,nm0653028,actor,,"[""Sneezing Man""]"
tt0000008,2,nm0005690,director,,
tt0000008,3,nm0005690,producer,producer,
tt0000008,4,nm0374658,cinematographer,,
tt0000009,1,nm0063086,actress,,"[""Miss Geraldine Holbrook (Miss Jerry)""]"
tt0000009,2,nm0183823,actor,,"[""Mr. Hamilton""]"
tt0000009,3,nm1309758,actor,,"[""Chauncey Depew - the Director of the New York Central Railroad""]"
tt0000009,4,nm0085156,director,,
tt0000009,5,nm0085156,writer,,
tt0000009,6,nm0085156,producer,producer,
tt0000009,7,nm0085156,cinematographer,,
tt0000010,1,nm0525910,director,,
tt0000010,2,nm0525910,producer,producer,
tt0000010,3,nm0525910,cinematographer,,
tt0000011,1,nm3692297,actor,,"[""Acrobats""]"
tt0000011,2,nm0804434,director,,
tt0000011,3,nm0804434,producer,producer,
tt0000011,4,nm0804434,cinematographer,,
tt0000012,1,nm2880396,self,,"[""Self""]"
tt0000012,2,nm9735580,self,,"[""Self""]"
tt0000012,3,nm0525900,self,,"[""Self""]"
tt0000012,4,nm9735581,self,,"[""Self""]"
tt0000012,5,nm9735579,self,,"[""Self""]"
tt0000012,6,nm9653419,self,,"[""Self""]"
tt0000012,7,nm0525908,director,,
tt0000012,8,nm0525910,director,,
tt0000012,9,nm0525908,producer,producer,
tt0000012,10,nm0525910,producer,producer,
tt0000012,11,nm0525910,cinematographer,,
tt0000013,1,nm0525908,self,,"[""Self""]"
tt0000013,2,nm1715062,self,,"[""Self""]"
tt0000013,3,nm0525910,director,,
tt0000013,4,nm0525910,producer,producer,
tt0000013,5,nm0525910,cinematographer,,
tt0000014,1,nm0166380,actor,,"[""The Gardener""]"
tt0000014,2,nm0244989,actor,,"[""The Boy""]"
tt0000014,3,nm0525910,director,,
tt0000014,4,nm0525910,producer,producer,
tt0000014,5,nm0525910,cinematographer,,
tt0000015,1,nm0721526,director,,
tt0000015,2,nm0721526,writer,,
tt0000015,3,nm1335271,composer,,
tt0000016,1,nm0525900,self,,"[""Self (on the pier)""]"
tt0000016,2,nm9735581,self,,"[""Self (on the pier)""]"
tt0000016,3,nm0525910,director,,
tt0000016,4,nm0525910,producer,producer,
tt0000016,5,nm0525910,cinematographer,,
tt0000017,1,nm3691272,actor,,"[""The boy""]"
tt0000017,2,nm3692829,actress,,"[""The girl""]"
tt0000017,3,nm1587194,director,,
tt0000017,4,nm0804434,director,,
tt0000017,5,nm0804434,cinematographer,,
tt0000018,1,nm3692071,actor,,"[""The Boxer""]"
tt0000018,2,nm0804434,director,,
tt0000018,3,nm0804434,producer,producer,
tt0000018,4,nm0804434,cinematographer,,
tt0000019,1,nm0932055,director,,
tt0000019,2,nm0932055,producer,producer,
tt0000019,3,nm0932055,cinematographer,,
tt0000020,1,nm0010291,director,,
tt0000020,2,nm0010291,producer,producer,
tt0000020,3,nm0666972,producer,producer,
tt0000020,4,nm0010291,cinematographer,,
tt0000022,1,nm0525910,director,,
tt0000022,2,nm0525910,producer,producer,
tt0000022,3,nm0525910,cinematographer,,
tt0000023,1,nm0525910,director,,
tt0000023,2,nm0525910,producer,producer,
tt0000023,3,nm0525910,cinematographer,,
tt0000024,1,nm0256651,self,,"[""Self - Empress of Gemany""]"
tt0000024,2,nm0435118,self,,"[""Self - Emperor of Germany""]"
tt0000024,3,nm0010291,director,,
tt0000024,4,nm0010291,producer,producer,
tt0000024,5,nm0666972,producer,producer,
tt0000024,6,nm0010291,cinematographer,,
tt0000025,1,nm0010291,director,,
tt0000025,2,nm0010291,producer,producer,
tt0000025,3,nm0666972,producer,producer,
tt0000025,4,nm0010291,cinematographer,,
tt0000026,1,nm2350007,actor,,"[""Valet""]"
tt0000026,2,nm0525907,actor,,"[""Man playing cards, seated on the left""]"
tt0000026,3,nm1151424,actor,,"[""Man playing cards, seated on the right""]"
tt0000026,4,nm2354154,actor,,"[""Man playing cards, seated in the middle""]"
tt0000026,5,nm0525910,director,,
tt0000026,6,nm0525910,producer,producer,
tt0000027,1,nm0525910,director,,
tt0000027,2,nm0525910,producer,producer,
tt0000027,3,nm0525910,cinematographer,,
tt0000028,1,nm2350838,self,,"[""Self""]"
tt0000028,2,nm0525908,self,,"[""Self""]"
tt0000028,3,nm0525910,director,,
tt0000028,4,nm0525910,producer,producer,
tt0000028,5,nm0525910,cinematographer,,
tt0000029,1,nm0525908,self,,"[""Self""]"
tt0000029,2,nm0525900,self,,"[""Self""]"
tt0000029,3,nm2350838,self,,"[""Self""]"
tt0000029,4,nm0525910,director,,
tt0000029,5,nm0525910,producer,producer,
tt0000029,6,nm0525910,cinematographer,,
tt0000030,1,nm0010291,director,,
tt0000030,2,nm0666972,director,,
tt0000030,3,nm0010291,producer,producer,
tt0000030,4,nm0666972,producer,producer,
tt0000030,5,nm0010291,cinematographer,,
tt0000030,6,nm0666972,cinematographer,,
tt0000031,1,nm0525910,director,,
tt0000031,2,nm0525910,producer,producer,
tt0000031,3,nm0525910,cinematographer,,
tt0000032,1,nm3692479,actress,,"[""The dancer""]"
tt0000032,2,nm0804434,director,,
tt0000032,3,nm0804434,producer,producer,
tt0000032,4,nm0804434,cinematographer,,
tt0000033,1,nm0525910,director,,
tt0000033,2,nm0525910,producer,producer,
tt0000033,3,nm0525910,cinematographer,,
tt0000034,1,nm0617588,director,,
tt0000034,2,nm0617588,producer,producer,
tt0000035,1,nm0617588,director,,
tt0000035,2,nm0617588,producer,producer,
tt0000036,1,nm0420198,actor,,"[""Rip Van Winkle""]"
tt0000036,2,nm0005690,director,,
tt0000036,3,nm0005658,cinematographer,,
tt0000037,1,nm0617588,director,,
tt0000038,1,nm2960633,self,,"[""Self - First baseman""]"
tt0000038,2,nm0340719,self,,"[""Self""]"
tt0000038,3,nm2958402,self,,"[""Self""]"
tt0000038,4,nm0374658,director,,
tt0000038,5,nm0374658,cinematographer,,
tt0000039,1,nm0666972,producer,producer,
tt0000040,1,nm0617588,director,,
tt0000041,1,nm0525910,director,,
tt0000041,2,nm0525908,producer,producer,
tt0000041,3,nm0525910,producer,producer,
tt0000042,1,nm0617588,director,,
tt0000042,2,nm0617588,producer,producer,
tt0000043,1,nm0617588,director,,
tt0000044,1,nm0617588,director,,
tt0000045,1,nm0617588,director,,
tt0000045,2,nm0617588,producer,producer,
tt0000046,1,nm0617588,director,,
tt0000046,2,nm0617588,producer,producer,
tt0000047,1,nm0617588,director,,
tt0000047,2,nm0617588,producer,producer,
tt0000048,1,nm0010291,director,,
tt0000049,1,nm0010291,director,,
tt0000050,1,nm3029234,self,,"[""Self""]"
tt0000050,2,nm0617588,director,,
tt0000050,3,nm0617588,producer,producer,
tt0000051,1,nm0617588,director,,
tt0000052,1,nm0895515,director,,
tt0000052,2,nm0895515,producer,producer,
tt0000052,3,nm0895515,cinematographer,,
tt0000052,4,nm1729239,cinematographer,,
tt0000053,1,nm0684607,director,,
tt0000054,1,nm0617588,director,,
tt0000055,1,nm0617588,director,,
tt0000056,1,nm0795060,director,,
tt0000057,1,nm0874739,self,,"[""Self (Tsar of Russia)""]"
tt0000057,2,nm0874746,self,,"[""Self (Tsarina of Russia)""]"
tt0000057,3,nm0617588,director,,
tt0000058,1,nm0874739,self,,"[""Self (Tsar of Russia)""]"
tt0000058,2,nm0617588,director,,
tt0000059,1,nm0617588,director,,
tt0000060,1,nm0005690,director,,
tt0000060,2,nm0005658,cinematographer,,
tt0000061,1,nm4007970,actress,,
tt0000061,2,nm0010291,director,,
tt0000061,3,nm0666972,producer,producer,
tt0000062,1,nm0617588,director,,
tt0000063,1,nm0617588,actor,,"[""Georges Méliès""]"
tt0000063,2,nm0617588,director,,
tt0000064,1,nm0617588,actor,,"[""Lightening Sketch Artist""]"
tt0000064,2,nm0617588,director,,
tt0000065,1,nm0617588,actor,,"[""Lightening Sketch Artist""]"
tt0000065,2,nm0617588,director,,
tt0000066,1,nm0617588,actor,,"[""Lightening Sketch Artist""]"
tt0000066,2,nm0617588,director,,
tt0000067,1,nm0617588,director,,
tt0000068,1,nm0617588,director,,
tt0000069,1,nm0617588,director,,
tt0000069,2,nm0617588,producer,producer,
tt0000070,1,nm0525908,actor,,
tt0000070,2,nm0525910,director,,
tt0000070,3,nm0525910,producer,producer,
tt0000070,4,nm0525910,cinematographer,,
tt0000071,1,nm0617588,director,,
tt0000072,1,nm0617588,director,,
tt0000073,1,nm0617588,director,,
tt0000074,1,nm0617588,director,,
tt0000075,1,nm0194945,actress,,"[""Woman""]"
tt0000075,2,nm0617588,actor,,"[""Magician""]"
tt0000075,3,nm0617588,director,,
tt0000075,4,nm0617588,producer,producer,
tt0000075,5,nm0617588,editor,,
tt0000075,6,nm0617588,production_designer,,
tt0000076,1,nm0420198,actor,,"[""Rip Van Winkle""]"
tt0000076,2,nm0005690,director,,
tt0000076,3,nm0005658,cinematographer,,
tt0000077,1,nm0617588,director,,
tt0000078,1,nm0234288,director,,
tt0000078,2,nm0234288,producer,producer,
tt0000078,3,nm0234288,cinematographer,,
tt0000079,1,nm0617588,director,,
tt0000080,1,nm0617588,director,,
tt0000081,1,nm0617588,director,,
tt0000082,1,nm0005690,director,,
tt0000082,2,nm0005658,cinematographer,,
tt0000083,1,nm0617588,director,,
tt0000084,1,nm0617588,director,,
tt0000085,1,nm0617588,director,,
tt0000086,1,nm0617588,director,,
tt0000087,1,nm0617588,director,,
tt0000088,1,nm0617588,director,,
tt0000089,1,nm0525908,director,,
tt0000089,2,nm0698645,director,,
tt0000089,3,nm0525908,producer,producer,
tt0000089,4,nm0525910,producer,producer,
tt0000089,5,nm0698645,cinematographer,,
tt0000090,1,nm0617588,director,,
tt0000091,1,nm0194945,actress,,"[""Young woman""]"
tt0000091,2,nm6170115,actor,,"[""Mephistopheles""]"
tt0000091,3,nm0617588,actor,,"[""Mephistopheles""]"
tt0000091,4,nm0617588,director,,
tt0000091,5,nm0617588,writer,,
tt0000091,6,nm0617588,producer,producer,
tt0000091,7,nm0617588,production_designer,,
tt0000092,1,nm0617588,director,,
tt0000093,1,nm0525908,director,,
tt0000093,2,nm0525910,director,,
tt0000094,1,nm9513675,self,,"[""Self""]"
tt0000094,2,nm0617588,director,,
tt0000095,1,nm0617588,director,,
tt0000096,1,nm0617588,director,,
tt0000097,1,nm0617588,director,,
tt0000098,1,nm0617588,director,,
tt0000099,1,nm0617588,director,,
tt0000100,1,nm0617588,director,,
tt0000101,1,nm0617588,director,,
tt0000102,1,nm0617588,director,,
tt0000103,1,nm0617588,director,,
tt0000104,1,nm0525910,producer,producer,
tt0000105,1,nm0617588,director,,
tt0000106,1,nm0617588,director,,
tt0000107,1,nm0617588,director,,
tt0000108,1,nm0420198,actor,,"[""Rip Van Winkle""]"
tt0000108,2,nm0005658,cinematographer,,
tt0000109,1,nm0420198,actor,,"[""Rip Van Winkle""]"
tt0000109,2,nm0005690,director,,
tt0000109,3,nm0005658,cinematographer,,
tt0000110,1,nm0420198,actor,,"[""Rip Van Winkle""]"
tt0000110,2,nm0005690,director,,
tt0000110,3,nm0005658,cinematographer,,
tt0000111,1,nm0420198,actor,,"[""Rip Van Winkle""]"
tt0000111,2,nm0005658,cinematographer,,
tt0000112,1,nm0420198,actor,,"[""Rip Van Winkle""]"
tt0000112,2,nm0005690,director,,
tt0000112,3,nm0005658,cinematographer,,
tt0000113,1,nm0420198,actor,,"[""Rip Van Winkle""]"
tt0000113,2,nm0005658,cinematographer,,
tt0000114,1,nm0617588,director,,
tt0000115,1,nm0617588,director,,
tt0000116,1,nm0617588,director,,
tt0000117,1,nm0234288,director,,
tt0000117,2,nm0234288,producer,producer,
tt0000117,3,nm0234288,cinematographer,,
tt0000118,1,nm0617588,director,,
tt0000119,1,nm0617588,director,,
tt0000120,1,nm0617588,director,,
tt0000121,1,nm0832461,actor,,"[""The Soldier""]"
tt0000121,2,nm0780534,actress,,"[""The Girl""]"
tt0000121,3,nm5718242,actress,,"[""The Woman""]"
tt0000121,4,nm0609678,director,,
tt0000121,5,nm0666972,producer,producer,
tt0000122,1,nm0617588,director,,
tt0000123,1,nm0617588,self,,"[""Self (stage magician)""]"
tt0000123,2,nm0617588,director,,
tt0000124,1,nm0617588,director,,
tt0000125,1,nm0666972,producer,producer,
tt0000126,1,nm0617588,director,,
tt0000127,1,nm0617588,director,,
tt0000128,1,nm0617588,director,,
tt0000129,1,nm0617588,director,,
tt0000130,1,nm0617588,director,,
tt0000131,1,nm0617588,actor,,"[""L'homme qui essaie de dormir""]"
tt0000131,2,nm0617588,director,,
tt0000131,3,nm0617588,producer,producer,
tt0000132,1,nm9342429,actress,,"[""La Serveuse""]"
tt0000132,2,nm0577734,actor,,"[""Un joueur de cartes""]"
tt0000132,3,nm0617588,actor,,"[""Un joueur de cartes""]"
tt0000132,4,nm3029234,actress,,"[""La petite fille""]"
tt0000132,5,nm0617588,writer,,
tt0000133,1,nm0617588,director,,
tt0000135,1,nm0005690,director,,
tt0000135,2,nm0005658,cinematographer,,
tt0000137,1,nm0349785,director,,
tt0000138,1,nm0617588,actor,,"[""Inn Guest""]"
tt0000139,1,nm0349785,director,,
tt0000140,1,nm0349785,director,,
tt0000141,1,nm0349785,director,,
tt0000142,1,nm0168621,actor,,
tt0000142,2,nm0924920,director,,
tt0000142,3,nm0374658,cinematographer,,
tt0000143,1,nm0349785,director,,
tt0000144,1,nm0349785,director,,
tt0000145,1,nm0349785,director,,
tt0000146,1,nm0349785,director,,
tt0000147,1,nm0179163,self,,"[""Self""]"
tt0000147,2,nm0280615,self,,"[""Self""]"
tt0000147,3,nm4082222,self,,"[""Self - Sullivan's Manager""]"
tt0000147,4,nm4081458,self,,"[""Self - Referee""]"
tt0000147,5,nm2256592,self,,"[""Self - Master of Ceremonies""]"
tt0000147,6,nm0714557,director,,
tt0000147,7,nm0103755,producer,producer,
tt0000147,8,nm0714557,cinematographer,,
tt0000148,1,nm0349785,director,,
tt0000149,1,nm0617588,director,,
tt0000150,1,nm0349785,director,,
tt0000151,1,nm0194945,actress,,
tt0000151,2,nm0617588,director,,
tt0000152,1,nm0617588,actor,,
tt0000152,2,nm0617588,director,,
tt0000152,3,nm0617588,producer,producer,
tt0000153,1,nm0808310,director,,
tt0000153,2,nm0808310,producer,producer,
tt0000154,1,nm0010291,director,,
tt0000155,1,nm0617588,director,,
tt0000156,1,nm0617588,director,,
tt0000157,1,nm0349785,director,,
tt0000158,1,nm0349785,director,,
tt0000159,1,nm0617588,director,,
tt0000159,2,nm0617588,producer,producer,
tt0000160,1,nm0095816,director,,
tt0000160,2,nm0666972,producer,producer,
tt0000161,1,nm0349785,director,,
tt0000162,1,nm0698645,director,,
tt0000162,2,nm0525908,producer,producer,
tt0000162,3,nm0525910,producer,producer,
tt0000162,4,nm0698645,cinematographer,,
tt0000163,1,nm0349785,director,,
tt0000164,1,nm0349785,director,,
tt0000165,1,nm0024876,actor,,
tt0000165,2,nm0278321,actor,,
tt0000165,3,nm0005717,actor,,
tt0000165,4,nm0556371,actor,,
tt0000165,5,nm0563758,actor,,
tt0000165,6,nm0005717,director,,
tt0000165,7,nm0005717,writer,screenplay,
tt0000165,8,nm0083196,cinematographer,,
tt0000166,1,nm0005717,director,,
tt0000166,2,nm0005717,cinematographer,,
tt0000167,1,nm0422809,director,,
tt0000167,2,nm0422809,cinematographer,,
tt0000168,1,nm0005717,director,,
tt0000168,2,nm0005717,cinematographer,,
tt0000169,1,nm0698645,director,,
tt0000169,2,nm0677318,producer,producer,
tt0000169,3,nm0698645,cinematographer,,
tt0000170,1,nm0666972,director,,
tt0000170,2,nm0666972,producer,producer,
tt0000171,1,nm0349785,director,,
tt0000172,1,nm0809419,actress,,
tt0000172,2,nm0338379,actor,,"[""Professor""]"
tt0000172,3,nm0808310,director,,
tt0000172,4,nm0808310,producer,producer,
tt0000173,1,nm0085865,director,,
tt0000174,1,nm0841389,actor,,"[""Sausage Vendor""]"
tt0000174,2,nm1024447,actor,,"[""Sticker""]"
tt0000174,3,nm0471818,director,,
tt0000174,4,nm0841389,writer,story,
tt0000174,5,nm0471818,cinematographer,,
tt0000175,1,nm0795060,director,,
tt0000175,2,nm0666972,producer,producer,
tt0000175,3,nm0795060,cinematographer,,
tt0000176,1,nm0666972,producer,producer,
tt0000177,1,nm0085865,actor,,"[""The Burglar""]"
tt0000177,2,nm0085865,director,,
tt0000177,3,nm0807236,cinematographer,,
tt0000178,1,nm0692105,director,,
tt0000179,1,nm0617588,director,,
tt0000179,2,nm0617588,producer,producer,
tt0000180,1,nm0349785,director,,
tt0000181,1,nm0809419,actress,,"[""Cinderella""]"
tt0000181,2,nm0808310,director,,
tt0000181,3,nm0674518,writer,"story ""Cendrillon""",
tt0000181,4,nm0808310,producer,producer,
tt0000182,1,nm0666972,director,,
tt0000182,2,nm0666972,producer,producer,
tt0000183,1,nm0808310,director,,
tt0000183,2,nm0241416,writer,novel,
tt0000183,3,nm0808310,producer,producer,
tt0000184,1,nm0924920,director,,
tt0000184,2,nm0924920,producer,producer,
tt0000185,1,nm0349785,director,,
tt0000186,1,nm0617588,director,,
tt0000187,1,nm0349785,director,,
tt0000188,1,nm0666972,director,,
tt0000188,2,nm0666972,producer,producer,
tt0000189,1,nm0005717,director,,
tt0000189,2,nm0005717,writer,writer,
tt0000189,3,nm0005717,cinematographer,,
tt0000190,1,nm0841389,actor,,"[""Old Philanderer""]"
tt0000190,2,nm1024447,actor,,"[""Man with Broom""]"
tt0000190,3,nm0471818,director,,
tt0000190,4,nm0841389,writer,screenplay,
tt0000190,5,nm0471818,cinematographer,,
tt0000191,1,nm0349785,director,,
tt0000192,1,nm0518132,self,,"[""Self""]"
tt0000192,2,nm0924920,director,,
tt0000192,3,nm0238900,writer,"novel ""Trilby""",
tt0000192,4,nm0374658,cinematographer,,
tt0000193,1,nm0349785,director,,
tt0000194,1,nm0378408,director,,
tt0000194,2,nm0378408,producer,producer,
tt0000194,3,nm0378408,cinematographer,,
tt0000195,1,nm0349785,director,,
tt0000196,1,nm0808310,director,,
tt0000196,2,nm0324473,writer,novel,
tt0000196,3,nm0808310,producer,producer,
tt0000197,1,nm0349785,director,,
tt0000198,1,nm0349785,director,,
tt0000199,1,nm0666972,producer,producer,
tt0000200,1,nm1380868,self,,"[""Self""]"
tt0000201,1,nm0168621,self,,"[""Self""]"
tt0000201,2,nm0005690,director,,
tt0000201,3,nm0249379,producer,producer,
tt0000202,1,nm0349785,director,,
tt0000203,1,nm0349785,director,,
tt0000204,1,nm0349785,director,,
tt0000205,1,nm0349785,director,,
tt0000206,1,nm0005717,director,,
tt0000206,2,nm0005717,cinematographer,,
tt0000207,1,nm0666972,producer,producer,
tt0000208,1,nm0808310,director,,
tt0000208,2,nm0808310,producer,producer,
tt0000209,1,nm0808310,director,,
tt0000209,2,nm0808310,producer,producer,
tt0000210,1,nm0617588,actor,,
tt0000210,2,nm0617588,director,,
tt0000210,3,nm0617588,producer,producer,
tt0000211,1,nm0194945,actress,,"[""Phoebe - la bonne fée""]"
tt0000211,2,nm0617588,actor,,"[""L'astronome""]"
tt0000212,1,nm0795060,director,,
tt0000213,1,nm0349785,director,,
tt0000214,1,nm0085865,actor,,"[""Hand that tears down the Spanish flag""]"
tt0000214,2,nm0085865,director,,
tt0000214,3,nm0085865,producer,producer,
tt0000214,4,nm0807236,producer,producer,
tt0000214,5,nm0807236,cinematographer,,
tt0000215,1,nm0841389,actor,,
tt0000215,2,nm0471818,director,,
tt0000215,3,nm0841389,writer,writer,
tt0000215,4,nm0471818,cinematographer,,
tt0000216,1,nm1997201,self,,"[""Self""]"
tt0000216,2,nm0454367,self,,"[""Self""]"
tt0000216,3,nm0005717,director,,
tt0000216,4,nm0005717,cinematographer,,
tt0000217,1,nm0808310,director,,
tt0000217,2,nm0808310,producer,producer,
tt0000218,1,nm0617588,actor,,"[""Fernand Labori""]"
tt0000218,2,nm0617588,director,,
tt0000218,3,nm0617588,writer,writer,
tt0000218,4,nm0617588,producer,producer,
tt0000218,5,nm0617588,cinematographer,,
tt0000219,1,nm0808310,director,,
tt0000219,2,nm0808310,producer,producer,
tt0000220,1,nm0666972,producer,producer,
tt0000221,1,nm0182052,director,,
tt0000222,1,nm0349785,director,,
tt0000223,1,nm0349785,director,,
tt0000224,1,nm0666972,producer,producer,
tt0000225,1,nm0207305,writer,story,
tt0000226,1,nm0378408,producer,producer,
tt0000227,1,nm4427898,director,,
tt0000227,2,nm0666972,producer,producer,
tt0000228,1,nm0349785,director,,
tt0000229,1,nm0924920,director,,
tt0000229,2,nm0857203,writer,poem,
tt0000229,3,nm0924920,producer,producer,
tt0000229,4,nm0595213,composer,composer,
tt0000230,1,nm1333156,actress,,"[""Cinderella""]"
tt0000230,2,nm0076933,actress,,"[""The Fairy Godmother""]"
tt0000230,3,nm1778224,actor,,"[""Prince Charming""]"
tt0000230,4,nm0194945,actress,,"[""Fairy Godmother""]"
tt0000230,5,nm1778292,actor,,"[""Party Guest""]"
tt0000230,6,nm0617588,actor,,"[""Le gnome de la pendule""]"
tt0000230,7,nm0617588,actor,,"[""Le suisse à l'entrée de l'église""]"
tt0000231,1,nm0666972,producer,producer,
tt0000232,1,nm0349785,director,,
tt0000233,1,nm0005717,director,,
tt0000233,2,nm0005717,writer,screenplay,
tt0000233,3,nm0005717,cinematographer,,
tt0000234,1,nm0194945,actress,,"[""Cleopatre""]"
tt0000234,2,nm0617588,actor,,"[""Tomb Digger""]"
tt0000234,3,nm0617588,director,,
tt0000234,4,nm0617588,producer,producer,
tt0000235,1,nm0194945,actress,,"[""Ayesha""]"
tt0000235,2,nm0617588,actor,,"[""The Devil""]"
tt0000235,3,nm0617588,actor,,"[""The Devil""]"
tt0000236,1,nm0349785,director,,
tt0000237,1,nm0349785,director,,
tt0000238,1,nm0349785,director,,
tt0000239,1,nm0298291,self,,"[""Self""]"
tt0000239,2,nm0349785,director,,
tt0000240,1,nm0005658,cinematographer,,
tt0000240,2,nm0555522,cinematographer,,
tt0000241,1,nm0349785,director,,
tt0000242,1,nm0617588,actor,,"[""The Devil""]"
tt0000243,1,nm0349785,director,,
tt0000244,1,nm0349785,director,,
tt0000245,1,nm0002615,producer,producer,
tt0000246,1,nm0617588,actor,,"[""Magician""]"
tt0000247,1,nm0002504,actor,,"[""King John""]"
tt0000247,2,nm0784327,actor,,"[""Prince Henry""]"
tt0000247,3,nm2259742,actor,,"[""Arthur""]"
tt0000247,4,nm0924893,actor,,"[""Earl of Pembroke""]"
tt0000247,5,nm0177548,actor,,"[""Earl of Salisbury""]"
tt0000247,6,nm2261015,actor,,"[""Hubert de Burgh""]"
tt0000247,7,nm0909064,actor,,"[""Philip Faulconbridge""]"
tt0000247,8,nm1266638,actress,,"[""Constance""]"
tt0000247,9,nm2263402,actor,,"[""Philip, King of France""]"
tt0000247,10,nm0492774,actor,,"[""Lewis, the Dauphin""]"
tt0000247,11,nm2156608,director,,
tt0000247,12,nm0005690,director,,
tt0000247,13,nm0002504,director,,
tt0000247,14,nm0000636,writer,play,
tt0000247,15,nm0002504,writer,adaptation,
tt0000247,16,nm0744231,composer,composer,
tt0000247,17,nm6114857,composer,composer,
tt0000247,18,nm0005690,cinematographer,,
tt0000247,19,nm6010696,production_designer,production_designer,
tt0000248,1,nm0809419,actress,,"[""Wife""]"
tt0000248,2,nm0808310,actor,,"[""Husband""]"
tt0000248,3,nm0808310,director,,
tt0000248,4,nm0808310,producer,producer,
tt0000248,5,nm0808310,cinematographer,,
tt0000249,1,nm0808310,director,,
tt0000249,2,nm0808310,producer,producer,
tt0000250,1,nm0005717,director,,
tt0000250,2,nm0005717,cinematographer,,
tt0000251,1,nm0177862,director,,
tt0000252,1,nm0349785,director,,
tt0000253,1,nm0095816,director,,
tt0000253,2,nm0666972,producer,producer,
tt0000254,1,nm0349785,director,,
tt0000255,1,nm0349785,director,,
tt0000256,1,nm0005658,cinematographer,,
tt0000257,1,nm0349785,director,,
tt0000258,1,nm0349785,director,,
tt0000259,1,nm0349785,director,,
tt0000260,1,nm0349785,director,,
tt0000261,1,nm0617588,actor,,"[""The Sleeping Man""]"
tt0000261,2,nm0617588,director,,
tt0000261,3,nm0617588,producer,producer,
tt0000262,1,nm0349785,director,,
tt0000264,1,nm0617588,actor,,"[""L'illusioniste""]"
tt0000264,2,nm0617588,director,,
tt0000264,3,nm0617588,producer,producer,
tt0000265,1,nm0335788,actor,,"[""Chimmie Hicks""]"
tt0000265,2,nm0035502,cinematographer,,
tt0000266,1,nm0035502,cinematographer,,
tt0000267,1,nm0349785,director,,
tt0000268,1,nm0349785,director,,
tt0000269,1,nm0666972,director,,
tt0000269,2,nm0666972,producer,producer,
tt0000270,1,nm0349785,director,,
tt0000271,1,nm0349785,director,,
tt0000272,1,nm0808310,director,,
tt0000272,2,nm0808310,producer,producer,
tt0000272,3,nm0808310,cinematographer,,
tt0000273,1,nm1040375,actor,,"[""The Officer""]"
tt0000273,2,nm1894886,actor,,"[""The Missionary""]"
tt0000273,3,nm1895457,actress,,"[""The Girl""]"
tt0000273,4,nm0932055,director,,
tt0000273,5,nm0932055,writer,,
tt0000273,6,nm0932055,producer,producer,
tt0000273,7,nm0932055,cinematographer,,
tt0000274,1,nm0349785,director,,
tt0000275,1,nm0349785,director,,
tt0000276,1,nm0349785,director,,
tt0000277,1,nm0349785,director,,
tt0000278,1,nm0168621,self,,"[""Self""]"
tt0000279,1,nm0168621,actor,,
tt0000279,2,nm0555522,cinematographer,,
tt0000280,1,nm0168621,actor,,
tt0000280,2,nm0555522,cinematographer,,
tt0000281,1,nm0168621,actor,,
tt0000281,2,nm0035502,cinematographer,,
tt0000282,1,nm0349785,director,,
tt0000283,1,nm0349785,director,,
tt0000284,1,nm0349785,director,,
tt0000285,1,nm0095816,director,,
tt0000285,2,nm0666972,producer,producer,
tt0000286,1,nm0349785,director,,
tt0000287,1,nm0085865,director,,
tt0000287,2,nm0807236,director,,
tt0000287,3,nm0085865,producer,producer,
tt0000287,4,nm0807236,producer,producer,
tt0000288,1,nm0349785,director,,
tt0000289,1,nm0349785,director,,
tt0000290,1,nm0349785,director,,
tt0000291,1,nm0349785,director,,
tt0000292,1,nm0349785,director,,
tt0000293,1,nm0349785,director,,
tt0000294,1,nm0349785,director,,
tt0000295,1,nm0349785,director,,
tt0000296,1,nm10501864,actress,,"[""Dancer""]"
tt0000296,2,nm0349785,director,,
tt0000297,1,nm0349785,director,,
tt0000298,1,nm0349785,director,,
tt0000299,1,nm0349785,director,,
tt0000300,1,nm0085865,actor,,"[""Chalk-Talk Artist""]"
tt0000300,2,nm0085865,director,,
tt0000300,3,nm0085865,producer,producer,
tt0000300,4,nm0807236,producer,producer,
tt0000300,5,nm0807236,cinematographer,,
tt0000301,1,nm0692105,director,,
tt0000301,2,nm0324473,writer,play,
tt0000302,1,nm0349785,director,,
tt0000303,1,nm0349785,director,,
tt0000304,1,nm2940072,actor,,"[""Willy - the little grandson""]"
tt0000304,2,nm0808310,director,,
tt0000304,3,nm0808310,producer,producer,
tt0000305,1,nm0112631,actress,,
tt0000305,2,nm0349785,director,,
tt0000306,1,nm0076800,actress,,"[""Hamlet""]"
tt0000306,2,nm0536252,actor,,"[""Laertes""]"
tt0000306,3,nm1267013,actress,,"[""A page""]"
tt0000306,4,nm0561109,director,,
tt0000306,5,nm0000636,writer,"play ""Hamlet""",
tt0000306,6,nm5670483,producer,producer,
tt0000306,7,nm0561109,producer,producer,
tt0000307,1,nm0085865,actor,,"[""Happy Hooligan""]"
tt0000307,2,nm0085865,director,,
tt0000307,3,nm1112850,writer,"comic strip ""Happy Hooligan""",
tt0000308,1,nm2940350,actress,,"[""Little girl""]"
tt0000308,2,nm2940072,actor,,"[""Little brother""]"
tt0000308,3,nm0808310,director,,
tt0000308,4,nm0808310,producer,producer,
tt0000308,5,nm0808310,editor,,
tt0000309,1,nm0164281,actress,,"[""Passenger""]"
tt0000309,2,nm0378408,actor,,"[""Driver""]"
tt0000309,3,nm0378408,director,,
tt0000309,4,nm0378408,producer,producer,
tt0000310,1,nm0335788,actor,,"[""Chimmie Hicks""]"
tt0000310,2,nm0151209,actress,,
tt0000310,3,nm0035502,cinematographer,,
tt0000312,1,nm0349785,director,,
tt0000313,1,nm0809419,actress,,"[""Young woman""]"
tt0000313,2,nm0338379,actor,,"[""Man""]"
tt0000313,3,nm0808310,director,,
tt0000313,4,nm0808310,producer,producer,
tt0000314,1,nm0349785,director,,
tt0000315,1,nm0349785,director,,
tt0000316,1,nm0349785,director,,
tt0000317,1,nm0349785,director,,
tt0000318,1,nm13155558,actor,,
tt0000318,2,nm0804433,actor,,"[""Koechin""]"
tt0000318,3,nm0804434,director,,
tt0000318,4,nm0804433,writer,,
tt0000318,5,nm0804434,cinematographer,,
tt0000319,1,nm1272063,actor,,
tt0000319,2,nm1272675,actor,,
tt0000319,3,nm0793094,director,,
tt0000319,4,nm0793094,cinematographer,,
tt0000320,1,nm0349785,director,,
tt0000321,1,nm0692105,director,,
tt0000322,1,nm0005717,director,,
tt0000322,2,nm0005717,cinematographer,,
tt0000323,1,nm0349785,director,,
tt0000324,1,nm0349785,director,,
tt0000325,1,nm0112631,actress,,
tt0000325,2,nm0349785,director,,
tt0000326,1,nm0112631,actress,,
tt0000326,2,nm0349785,director,,
tt0000327,1,nm0349785,director,,
tt0000328,1,nm0349785,director,,
tt0000329,1,nm0349785,director,,
tt0000330,1,nm0349785,director,,
tt0000331,1,nm0349785,director,,
tt0000332,1,nm0349785,director,,
tt0000333,1,nm0349785,director,,
tt0000334,1,nm0349785,director,,
tt0000335,1,nm1010955,actress,,
tt0000335,2,nm1012612,actor,,
tt0000335,3,nm1011210,actor,,
tt0000335,4,nm1012621,actor,,
tt0000335,5,nm0675239,actor,,"[""Lion""]"
tt0000335,6,nm0675260,actor,,"[""Lion""]"
tt0000335,7,nm0095714,director,,
tt0000335,8,nm0675140,director,,
tt0000336,1,nm0349785,director,,
tt0000337,1,nm0525910,producer,producer,
tt0000338,1,nm0349785,director,,
tt0000339,1,nm0349785,director,,
tt0000340,1,nm0542567,actor,,"[""Uncle Josh""]"
tt0000340,2,nm0692105,director,,
tt0000341,1,nm0542567,actor,,"[""Uncle Josh""]"
tt0000341,2,nm0692105,director,,
tt0000341,3,nm0692105,cinematographer,,
tt0000342,1,nm0349785,director,,
tt0000343,1,nm0349785,director,,
tt0000344,1,nm0349785,director,,
tt0000345,1,nm0349785,director,,
tt0000346,1,nm0692105,director,,
tt0000346,2,nm0692105,cinematographer,,
tt0000347,1,nm0168621,actor,,
tt0000347,2,nm0035502,cinematographer,,
tt0000348,1,nm0349785,director,,
tt0000349,1,nm0095816,director,,
tt0000349,2,nm0666972,producer,producer,
tt0000350,1,nm0666972,director,,
tt0000350,2,nm0666972,producer,producer,
tt0000351,1,nm0462306,actress,,
tt0000351,2,nm0815907,actress,,
tt0000351,3,nm0349785,director,,
tt0000352,1,nm0692105,director,,
tt0000354,1,nm0182052,director,,
tt0000355,1,nm0932055,director,,
tt0000355,2,nm0932055,producer,producer,
tt0000355,3,nm0932055,cinematographer,,
tt0000356,1,nm0349785,director,,
tt0000357,1,nm0095816,director,,
tt0000357,2,nm0666972,producer,producer,
tt0000358,1,nm0509806,actor,,
tt0000358,2,nm1778194,actor,,
tt0000358,3,nm0954087,actor,,
tt0000358,4,nm0954087,director,,
tt0000358,5,nm0954087,writer,,
tt0000358,6,nm0954087,cinematographer,,
tt0000359,1,nm0617588,actor,,"[""The Chemist""]"
tt0000359,2,nm0617588,actor,,"[""The India Rubber Head""]"
tt0000360,1,nm0462306,actress,,"[""La Grisette""]"
tt0000360,2,nm0815907,actress,,"[""Le Hussard""]"
tt0000360,3,nm0349785,director,,
tt0000361,1,nm0349785,director,,
tt0000362,1,nm0349785,director,,
tt0000363,1,nm0095816,director,,
tt0000363,2,nm0095816,writer,,
tt0000363,3,nm0666972,producer,producer,
tt0000364,1,nm0692105,director,,
tt0000364,2,nm0692105,cinematographer,,
tt0000364,3,nm0924920,cinematographer,,
tt0000365,1,nm0182052,director,,
tt0000366,1,nm0182052,director,,
tt0000367,1,nm0349785,director,,
tt0000368,1,nm1089829,actress,,"[""Little Red Riding Hood""]"
tt0000368,2,nm0617588,director,,
tt0000368,3,nm0674518,writer,"story ""Le petit chaperon rouge""",
tt0000369,1,nm0005717,director,,
tt0000369,2,nm0005717,cinematographer,,
tt0000370,1,nm8709803,actor,,"[""Ebenezer Scrooge""]"
tt0000370,2,nm0095816,director,,
tt0000370,3,nm1304340,writer,play 'Scrooge',
tt0000370,4,nm0002042,writer,"novel ""A Christmas Carol""",
tt0000370,5,nm0666972,producer,producer,
tt0000371,1,nm0349785,director,,
tt0000372,1,nm0349785,director,,
tt0000373,1,nm0954087,director,,
tt0000374,1,nm0349785,director,,
tt0000375,1,nm0182052,director,,
tt0000376,1,nm0617272,actress,,"[""Salome""]"
tt0000376,2,nm0086082,actress,,
tt0000376,3,nm0632577,actress,,
tt0000376,4,nm0631776,actress,,
tt0000376,5,nm0078562,actress,,"[""Táncos""]"
tt0000376,6,nm0051042,actress,,
tt0000376,7,nm0466448,actor,,
tt0000376,8,nm0373707,actor,,
tt0000376,9,nm0892975,actor,,
tt0000376,10,nm8355538,actress,,
tt0000376,11,nm0958169,director,,
tt0000376,12,nm0670740,writer,,
tt0000376,13,nm0449435,composer,,
tt0000376,14,nm0958169,cinematographer,,
tt0000377,1,nm0095816,director,,
tt0000377,2,nm0666972,producer,producer,
tt0000378,1,nm0462306,actress,,
tt0000378,2,nm0815907,actress,,
tt0000378,3,nm0349785,director,,
tt0000379,1,nm0005717,director,,
tt0000379,2,nm0005717,cinematographer,,
tt0000380,1,nm0674518,writer,tale,
tt0000381,1,nm0168621,actor,,
tt0000381,2,nm0002615,producer,producer,
tt0000382,1,nm0005717,director,,
tt0000382,2,nm0005717,cinematographer,,
tt0000383,1,nm0005717,director,,
tt0000383,2,nm0005717,cinematographer,,
tt0000384,1,nm0349785,director,,
tt0000385,1,nm0349785,director,,
tt0000386,1,nm0349785,director,,
tt0000387,1,nm5394591,actor,,"[""Attendant Bearing King Edward's Sword""]"
tt0000387,2,nm0617588,director,,
tt0000387,3,nm0881616,director,,
tt0000388,1,nm0260089,actress,,
tt0000388,2,nm0349785,director,,
tt0000389,1,nm0349785,director,,
tt0000390,1,nm0349785,director,,
tt0000391,1,nm0349785,director,,
tt0000392,1,nm0095816,director,,
tt0000392,2,nm0666972,producer,producer,
tt0000393,1,nm0349785,director,,
tt0000394,1,nm0349785,director,,
tt0000395,1,nm0349785,director,,
tt0000396,1,nm0349785,director,,
tt0000397,1,nm0349785,director,,
tt0000398,1,nm0349785,director,,
tt0000399,1,nm0924920,actor,,"[""Farmer""]"
tt0000399,2,nm0925513,actor,,"[""Jack""]"
tt0000399,3,nm2092030,director,,
tt0000399,4,nm0692105,director,,
tt0000399,5,nm0692105,cinematographer,,
tt0000400,1,nm0349785,director,,
tt0000401,1,nm0349785,director,,
tt0000402,1,nm0338379,actor,,
tt0000402,2,nm0808310,director,,
tt0000402,3,nm0808310,producer,producer,
tt0000403,1,nm0349785,director,,
tt0000404,1,nm0349785,director,,
tt0000405,1,nm0349785,director,,
tt0000406,1,nm0035502,cinematographer,,
tt0000407,1,nm0005717,director,,
tt0000407,2,nm0005717,cinematographer,,
tt0000408,1,nm0349785,director,,
tt0000409,1,nm0349785,actress,,
tt0000409,2,nm4905952,actress,,
tt0000409,3,nm4906549,actress,,
tt0000409,4,nm0349785,director,,
tt0000409,5,nm0349785,producer,producer,
tt0000411,1,nm0349785,director,,
tt0000412,1,nm0555522,director,,
tt0000412,2,nm0555522,cinematographer,,
tt0000413,1,nm0617588,actor,,"[""The Blonde Miser""]"
tt0000413,2,nm0617588,actor,,"[""Thief""]"
tt0000413,3,nm0617588,director,,
tt0000413,4,nm0617588,writer,,
tt0000413,5,nm0617588,producer,producer,
tt0000414,1,nm0542567,actor,,"[""Uncle Josh""]"
tt0000414,2,nm0692105,director,,
tt0000414,3,nm0692105,cinematographer,,
tt0000415,1,nm0349785,director,,
tt0000416,1,nm0954087,director,,
tt0000416,2,nm0954087,writer,,
tt0000416,3,nm0957652,writer,"novel ""L'Assommoir""",
tt0000417,1,nm0617588,actor,,"[""Prof. Barbenfouillis""]"
tt0000417,2,nm0617588,actor,,"[""The Moon""]"
tt0000417,3,nm0029244,actor,,"[""Astronomer - Nostradamus""]"
tt0000417,4,nm0076933,actress,,"[""Lady in the Moon""]"
tt0000417,5,nm1215996,actor,,"[""Astronomer- Alcofrisbas""]"
tt0000417,6,nm0194945,actress,,"[""Secretary""]"
tt0000417,7,nm0194945,actress,,"[""Star""]"
tt0000417,8,nm0194945,actress,,"[""Rocket Attendant""]"
tt0000417,9,nm0216378,actor,,"[""Captain of the Rocket""]"
tt0000417,10,nm0220092,actor,,"[""Astronomer - Micromegas""]"
tt0000417,11,nm1216405,actor,,"[""Astronomer - Parafaragaramus""]"
tt0000417,12,nm1216905,actor,,"[""Astronomer - Omega""]"
tt0000417,13,nm2083046,actor,,"[""Officer of the Marines""]"
tt0000417,14,nm0617588,producer,producer,
tt0000417,15,nm0242155,composer,composer,
tt0000417,16,nm0324073,composer,composer,
tt0000417,17,nm9991717,composer,composer,
tt0000417,18,nm4491570,composer,composer,
tt0000418,1,nm0353576,director,,
tt0000419,1,nm0349785,director,,
tt0000420,1,nm0164281,actress,,"[""Alice""]"
tt0000420,2,nm0378408,actor,,"[""Frog""]"
tt0000420,3,nm1012587,actor,,"[""Large Dog""]"
tt0000420,4,nm0265714,actor,,"[""Card""]"
tt0000420,5,nm1539007,actor,,"[""Card""]"
tt0000420,6,nm1539443,actress,,"[""White Rabbit""]"
tt0000420,7,nm1539443,actress,,"[""Queen""]"
tt0000420,8,nm0926498,actor,,"[""Fish""]"
tt0000420,9,nm0926498,actor,,"[""Mad Hatter""]"
tt0000420,10,nm0378408,director,,
tt0000420,11,nm0832948,director,,
tt0000420,12,nm0140902,writer,"novel ""Alice's Adventures in Wonderland""",
tt0000420,13,nm0378408,writer,writer,
tt0000420,14,nm0378408,producer,producer,
tt0000420,15,nm0378408,cinematographer,,
tt0000421,1,nm0954087,actor,,
tt0000421,2,nm0349785,director,,
tt0000422,1,nm0954087,actor,,"[""Traveler""]"
tt0000422,2,nm0349785,director,,
tt0000423,1,nm0617588,actor,,
tt0000424,1,nm0349785,director,,
tt0000425,1,nm0168621,actor,,
tt0000425,2,nm0783152,producer,producer,
tt0000426,1,nm0168621,actor,,
tt0000426,2,nm0002615,producer,producer,
tt0000427,1,nm0349785,director,,
tt0000428,1,nm0005717,director,,
tt0000428,2,nm0005717,cinematographer,,
tt0000429,1,nm0349785,director,,
tt0000430,1,nm10102653,actor,,"[""Chess Player""]"
tt0000430,2,nm0666972,director,,
tt0000430,3,nm0666972,producer,producer,
tt0000431,1,nm0349785,director,,
tt0000432,1,nm0954087,actor,,
tt0000432,2,nm0349785,director,,
tt0000433,1,nm0349785,director,,
tt0000434,1,nm2940350,actress,,"[""Dorothy""]"
tt0000434,2,nm0808310,director,,
tt0000434,3,nm0808310,producer,producer,
tt0000435,1,nm0349785,director,,
tt0000436,1,nm0095816,director,,
tt0000436,2,nm0666972,director,,
tt0000436,3,nm0666972,producer,producer,
tt0000437,1,nm0349785,director,,
tt0000438,1,nm0349785,director,,
tt0000439,1,nm0001908,actor,,"[""Bandit""]"
tt0000439,2,nm0001908,actor,,"[""Shot Passenger""]"
tt0000439,3,nm0001908,actor,,"[""Tenderfoot Dancer""]"
tt0000439,4,nm0007625,actor,,"[""Sheriff""]"
tt0000439,5,nm0055607,actor,,
tt0000439,6,nm0055661,actor,,"[""Bandit Who Fires at Camera""]"
tt0000439,7,nm0131750,actor,,"[""Sheriff""]"
tt0000439,8,nm2313241,actor,,"[""Fourth Bandit""]"
tt0000439,9,nm0302368,actor,,"[""Little Boy""]"
tt0000439,10,nm7715443,actor,,"[""Child""]"
tt0000439,11,nm0359294,actor,,"[""Bandit""]"
tt0000439,12,nm3128574,actor,,"[""Bandit""]"
tt0000439,13,nm0692105,producer,producer,
tt0000439,14,nm0807466,cinematographer,,
tt0000440,1,nm0617588,actor,,"[""Musketeer""]"
tt0000441,1,nm0159015,director,,
tt0000441,2,nm0842605,writer,"novel ""The Travels of Gulliver""",
tt0000441,3,nm0159015,writer,,
tt0000441,4,nm0159015,cinematographer,,
tt0000442,1,nm0622273,actress,,"[""Barnemordersken""]"
tt0000442,2,nm1854449,actor,,
tt0000442,3,nm0253298,director,,
tt0000442,4,nm1856940,writer,writer,
tt0000442,5,nm1857036,writer,writer,
tt0000442,6,nm0253298,producer,producer,
tt0000442,7,nm0253298,cinematographer,,
tt0000443,1,nm0742777,director,,
tt0000443,2,nm3887135,writer,scenario,
tt0000443,3,nm0519303,writer,"poem ""The Song of Hiawatha""",
tt0000443,4,nm0742777,producer,producer,
tt0000443,5,nm0742777,cinematographer,,
tt0000444,1,nm0954087,actor,,"[""Magician""]"
tt0000444,2,nm0349785,director,,
tt0000445,1,nm0349785,director,,
tt0000446,1,nm0567363,director,,
tt0000447,1,nm0692105,actor,,"[""Policeman""]"
tt0000447,2,nm0891119,actress,,"[""The Girl""]"
tt0000447,3,nm0924475,actor,,"[""The Fireman""]"
tt0000447,4,nm0924920,actor,,"[""Fire Chief""]"
tt0000448,1,nm0349785,director,,
tt0000449,1,nm0349785,director,,
tt0000450,1,nm0349785,director,,
tt0000451,1,nm0809419,actress,,"[""Mary Jane""]"
tt0000451,2,nm0808310,director,,
tt0000451,3,nm0808310,producer,producer,
tt0000452,1,nm0001908,actor,,"[""Messenger Boy""]"
tt0000452,2,nm0692105,director,,
tt0000452,3,nm0692105,cinematographer,,
tt0000453,1,nm0349785,director,,
tt0000454,1,nm0349785,director,,
tt0000455,1,nm0617588,actor,,"[""The Melomaniac""]"
tt0000455,2,nm0617588,director,,
tt0000456,1,nm0005658,cinematographer,,
tt0000457,1,nm0349785,director,,
tt0000458,1,nm0349785,director,,
tt0000459,1,nm0692105,cinematographer,,
tt0000460,1,nm0567363,director,,
tt0000461,1,nm0349785,director,,
tt0000462,1,nm0349785,director,,
tt0000463,1,nm0005717,director,,
tt0000463,2,nm0005717,cinematographer,,
tt0000464,1,nm0420198,actor,,"[""Rip Van Winkle""]"
tt0000465,1,nm0617588,actor,,"[""Prince Bel-Azor""]"
tt0000465,2,nm9473330,actress,,"[""Princess Azurine""]"
tt0000465,3,nm0076933,actress,,"[""Aurora""]"
tt0000465,4,nm0214243,actor,,"[""Role""]"
tt0000465,5,nm0243651,actor,,"[""Extra""]"
